relative_sec,framework,test_type,http_200,vusers_failed,vusers_created,vusers_completed,request_rate,success_percent,error_percent
0,express,breakpoint-read,12,0,12,12,2,100.0,0.0
10,express,breakpoint-read,27,0,27,27,3,100.0,0.0
20,express,breakpoint-read,41,0,41,41,6,100.0,0.0
30,express,breakpoint-read,58,0,58,58,8,100.0,0.0
40,express,breakpoint-read,81,0,81,80,10,100.0,0.0
50,express,breakpoint-read,104,0,104,105,11,100.0,0.0
60,express,breakpoint-read,130,0,130,129,14,100.0,0.0
70,express,breakpoint-read,157,0,157,158,16,100.0,0.0
80,express,breakpoint-read,181,0,181,181,18,100.0,0.0
90,express,breakpoint-read,213,0,213,213,22,100.0,0.0
100,express,breakpoint-read,263,0,263,263,27,100.0,0.0
110,express,breakpoint-read,308,0,309,308,32,100.0,0.0
120,express,breakpoint-read,362,0,361,362,37,100.0,0.0
130,express,breakpoint-read,408,0,410,408,42,100.0,0.0
140,express,breakpoint-read,460,0,459,460,47,100.0,0.0
150,express,breakpoint-read,513,0,513,513,52,100.0,0.0
160,express,breakpoint-read,594,0,593,594,60,100.0,0.0
170,express,breakpoint-read,678,0,678,677,69,100.0,0.0
180,express,breakpoint-read,759,0,763,760,77,100.0,0.0
190,express,breakpoint-read,848,0,844,848,86,100.0,0.0
200,express,breakpoint-read,930,0,930,929,94,100.0,0.0
210,express,breakpoint-read,1021,0,1022,1022,103,100.0,0.0
220,express,breakpoint-read,1181,0,1181,1181,119,100.0,0.0
230,express,breakpoint-read,1350,0,1350,1350,137,100.0,0.0
240,express,breakpoint-read,1509,0,1515,1509,152,100.0,0.0
250,express,breakpoint-read,1683,0,1678,1683,169,100.0,0.0
260,express,breakpoint-read,1850,0,1848,1847,185,100.0,0.0
270,express,breakpoint-read,1885,0,1885,1888,189,100.0,0.0
280,express,breakpoint-read,1433,0,1434,1433,143,100.0,0.0
290,express,breakpoint-read,855,67,921,854,95,92.72529858849077,7.27470141150923
300,express,breakpoint-read,226,3,229,227,61,98.69565217391305,1.3043478260869565
0,express,breakpoint-write,9,0,3,3,4,100.0,0.0
10,express,breakpoint-write,63,0,21,21,12,100.0,0.0
20,express,breakpoint-write,102,0,34,34,13,100.0,0.0
30,express,breakpoint-write,144,0,48,48,18,100.0,0.0
40,express,breakpoint-write,210,0,70,70,25,100.0,0.0
50,express,breakpoint-write,277,0,94,92,30,100.0,0.0
60,express,breakpoint-write,359,0,118,120,37,100.0,0.0
70,express,breakpoint-write,432,0,145,143,45,100.0,0.0
80,express,breakpoint-write,504,0,168,168,52,100.0,0.0
90,express,breakpoint-write,586,0,195,196,60,100.0,0.0
100,express,breakpoint-write,711,0,237,236,73,100.0,0.0
110,express,breakpoint-write,862,0,287,288,88,100.0,0.0
120,express,breakpoint-write,1015,0,338,339,102,100.0,0.0
130,express,breakpoint-write,1153,0,385,384,118,100.0,0.0
140,express,breakpoint-write,1304,0,434,435,132,100.0,0.0
150,express,breakpoint-write,1440,0,486,476,147,100.0,0.0
160,express,breakpoint-write,1575,0,554,506,165,100.0,0.0
170,express,breakpoint-write,2012,0,640,692,196,100.0,0.0
180,express,breakpoint-write,2166,0,720,720,217,100.0,0.0
190,express,breakpoint-write,2295,0,809,738,237,100.0,0.0
200,express,breakpoint-write,2263,0,890,691,248,100.0,0.0
210,express,breakpoint-write,2056,0,972,550,248,100.0,0.0
220,express,breakpoint-write,1939,0,1104,448,261,100.0,0.0
230,express,breakpoint-write,1470,297,1269,261,249,46.774193548387096,53.2258064516129
240,express,breakpoint-write,764,1301,1435,0,222,0.0,100.0
250,express,breakpoint-write,10,2189,1598,0,162,0.0,100.0
260,express,breakpoint-write,163,1443,1761,0,194,0.0,100.0
270,express,breakpoint-write,250,1675,1918,0,220,0.0,100.0
280,express,breakpoint-write,301,1867,1675,0,199,0.0,100.0
290,express,breakpoint-write,986,1035,1172,0,218,0.0,100.0
300,express,breakpoint-write,1348,1025,610,0,198,0.0,100.0
310,express,breakpoint-write,1668,567,0,188,161,24.90066225165563,75.09933774834437
320,express,breakpoint-write,943,0,0,944,0,100.0,0.0
0,express,read-heavy,243,0,243,242,50,100.0,0.0
10,express,read-heavy,498,0,500,499,50,100.0,0.0
20,express,read-heavy,502,0,500,502,50,100.0,0.0
30,express,read-heavy,500,0,500,499,50,100.0,0.0
40,express,read-heavy,500,0,500,500,50,100.0,0.0
50,express,read-heavy,499,0,500,500,50,100.0,0.0
60,express,read-heavy,501,0,500,500,50,100.0,0.0
70,express,read-heavy,500,0,500,500,50,100.0,0.0
80,express,read-heavy,500,0,500,500,50,100.0,0.0
90,express,read-heavy,500,0,500,500,50,100.0,0.0
100,express,read-heavy,499,0,500,500,50,100.0,0.0
110,express,read-heavy,500,0,500,500,50,100.0,0.0
120,express,read-heavy,500,0,500,500,50,100.0,0.0
130,express,read-heavy,500,0,500,500,50,100.0,0.0
140,express,read-heavy,501,0,500,500,50,100.0,0.0
150,express,read-heavy,499,0,500,500,50,100.0,0.0
160,express,read-heavy,500,0,500,500,50,100.0,0.0
170,express,read-heavy,500,0,500,500,50,100.0,0.0
180,express,read-heavy,258,0,257,258,50,100.0,0.0
0,express,soak,150,0,70,10,20,100.0,0.0
10,express,soak,300,0,100,100,30,100.0,0.0
20,express,soak,300,0,100,100,30,100.0,0.0
30,express,soak,300,0,100,100,30,100.0,0.0
40,express,soak,300,0,100,100,30,100.0,0.0
50,express,soak,300,0,100,100,30,100.0,0.0
60,express,soak,300,0,100,100,30,100.0,0.0
70,express,soak,300,0,100,100,30,100.0,0.0
80,express,soak,300,0,100,100,30,100.0,0.0
90,express,soak,300,0,100,100,30,100.0,0.0
100,express,soak,300,0,100,100,30,100.0,0.0
110,express,soak,300,0,100,100,30,100.0,0.0
120,express,soak,300,0,100,100,30,100.0,0.0
130,express,soak,300,0,100,100,30,100.0,0.0
140,express,soak,300,0,100,100,30,100.0,0.0
150,express,soak,300,0,100,100,30,100.0,0.0
160,express,soak,300,0,100,100,30,100.0,0.0
170,express,soak,300,0,100,100,30,100.0,0.0
180,express,soak,300,0,100,100,30,100.0,0.0
190,express,soak,300,0,100,100,30,100.0,0.0
200,express,soak,300,0,100,100,30,100.0,0.0
210,express,soak,300,0,100,100,30,100.0,0.0
220,express,soak,300,0,100,100,30,100.0,0.0
230,express,soak,300,0,100,100,30,100.0,0.0
240,express,soak,300,0,100,100,30,100.0,0.0
250,express,soak,300,0,100,100,30,100.0,0.0
260,express,soak,300,0,100,100,30,100.0,0.0
270,express,soak,300,0,100,100,30,100.0,0.0
280,express,soak,300,0,100,100,30,100.0,0.0
290,express,soak,300,0,100,100,30,100.0,0.0
300,express,soak,300,0,100,100,30,100.0,0.0
310,express,soak,300,0,100,100,30,100.0,0.0
320,express,soak,300,0,100,100,30,100.0,0.0
330,express,soak,300,0,100,100,30,100.0,0.0
340,express,soak,300,0,100,100,30,100.0,0.0
350,express,soak,300,0,100,100,30,100.0,0.0
360,express,soak,150,0,30,90,20,100.0,0.0
0,express,spike,13,0,10,0,13,0,0
10,express,spike,101,0,50,49,10,100.0,0.0
20,express,spike,101,0,50,50,10,100.0,0.0
30,express,spike,355,0,229,50,106,100.0,0.0
40,express,spike,1933,0,1000,888,200,100.0,0.0
50,express,spike,2072,0,1000,1100,210,100.0,0.0
60,express,spike,1998,0,1000,998,200,100.0,0.0
70,express,spike,2002,0,1000,1000,200,100.0,0.0
80,express,spike,1998,0,1000,999,200,100.0,0.0
90,express,spike,1740,0,821,999,183,100.0,0.0
100,express,spike,100,0,50,66,10,100.0,0.0
110,express,spike,100,0,50,50,10,100.0,0.0
120,express,spike,87,0,40,50,10,100.0,0.0
130,express,spike,0,0,0,1,0,100.0,0.0
0,express,stress,190,0,100,80,20,100.0,0.0
10,express,stress,200,0,100,100,20,100.0,0.0
20,express,stress,200,0,100,100,20,100.0,0.0
30,express,stress,200,0,100,100,20,100.0,0.0
40,express,stress,200,0,100,100,20,100.0,0.0
50,express,stress,207,0,107,100,20,100.0,0.0
60,express,stress,397,0,200,187,40,100.0,0.0
70,express,stress,399,0,200,199,40,100.0,0.0
80,express,stress,401,0,200,201,40,100.0,0.0
90,express,stress,400,0,200,199,40,100.0,0.0
100,express,stress,400,0,200,201,40,100.0,0.0
110,express,stress,413,0,213,199,40,100.0,0.0
120,express,stress,792,0,400,371,80,100.0,0.0
130,express,stress,800,0,400,400,80,100.0,0.0
140,express,stress,800,0,400,402,80,100.0,0.0
150,express,stress,800,0,400,399,80,100.0,0.0
160,express,stress,800,0,400,399,80,100.0,0.0
170,express,stress,824,0,423,403,83,100.0,0.0
180,express,stress,1580,0,800,739,160,100.0,0.0
190,express,stress,1599,0,800,800,160,100.0,0.0
200,express,stress,1593,0,800,795,160,100.0,0.0
210,express,stress,1606,0,800,800,160,100.0,0.0
220,express,stress,1534,0,800,805,160,100.0,0.0
230,express,stress,1624,0,757,800,160,100.0,0.0
240,express,stress,41,0,0,121,41,100.0,0.0
0,express,write-heavy,116,0,68,28,40,100.0,0.0
10,express,write-heavy,400,0,200,200,40,100.0,0.0
20,express,write-heavy,400,0,200,200,40,100.0,0.0
30,express,write-heavy,400,0,200,200,40,100.0,0.0
40,express,write-heavy,400,0,200,200,40,100.0,0.0
50,express,write-heavy,400,0,200,199,40,100.0,0.0
60,express,write-heavy,400,0,200,201,40,100.0,0.0
70,express,write-heavy,400,0,200,200,40,100.0,0.0
80,express,write-heavy,400,0,200,199,40,100.0,0.0
90,express,write-heavy,399,0,200,201,40,100.0,0.0
100,express,write-heavy,401,0,200,200,40,100.0,0.0
110,express,write-heavy,400,0,200,200,40,100.0,0.0
120,express,write-heavy,400,0,200,200,40,100.0,0.0
130,express,write-heavy,400,0,200,199,40,100.0,0.0
140,express,write-heavy,399,0,200,201,40,100.0,0.0
150,express,write-heavy,401,0,200,200,40,100.0,0.0
160,express,write-heavy,400,0,200,200,40,100.0,0.0
170,express,write-heavy,400,0,200,200,40,100.0,0.0
180,express,write-heavy,284,0,132,172,40,100.0,0.0
0,fastapi-async,breakpoint-read,16,0,16,16,2,100.0,0.0
10,fastapi-async,breakpoint-read,30,0,30,30,4,100.0,0.0
20,fastapi-async,breakpoint-read,44,0,44,44,5,100.0,0.0
30,fastapi-async,breakpoint-read,62,0,62,62,7,100.0,0.0
40,fastapi-async,breakpoint-read,87,0,87,86,10,100.0,0.0
50,fastapi-async,breakpoint-read,110,0,110,111,12,100.0,0.0
60,fastapi-async,breakpoint-read,137,0,137,137,14,100.0,0.0
70,fastapi-async,breakpoint-read,161,0,161,161,17,100.0,0.0
80,fastapi-async,breakpoint-read,187,0,187,187,19,100.0,0.0
90,fastapi-async,breakpoint-read,223,0,223,223,23,100.0,0.0
100,fastapi-async,breakpoint-read,272,0,273,272,28,100.0,0.0
110,fastapi-async,breakpoint-read,323,0,323,323,33,100.0,0.0
120,fastapi-async,breakpoint-read,371,0,370,371,38,100.0,0.0
130,fastapi-async,breakpoint-read,421,0,421,421,43,100.0,0.0
140,fastapi-async,breakpoint-read,470,0,470,470,48,100.0,0.0
150,fastapi-async,breakpoint-read,530,0,532,530,53,100.0,0.0
160,fastapi-async,breakpoint-read,615,0,613,615,63,100.0,0.0
170,fastapi-async,breakpoint-read,616,0,699,616,71,100.0,0.0
180,fastapi-async,breakpoint-read,864,0,781,864,80,100.0,0.0
190,fastapi-async,breakpoint-read,835,0,867,835,87,100.0,0.0
200,fastapi-async,breakpoint-read,895,0,949,895,96,100.0,0.0
210,fastapi-async,breakpoint-read,1044,0,1056,1044,107,100.0,0.0
220,fastapi-async,breakpoint-read,1151,0,1224,1151,124,100.0,0.0
230,fastapi-async,breakpoint-read,964,0,1390,964,141,100.0,0.0
240,fastapi-async,breakpoint-read,788,117,1552,788,157,87.07182320441989,12.928176795580109
250,fastapi-async,breakpoint-read,298,1065,1721,298,173,21.86353631694791,78.1364636830521
260,fastapi-async,breakpoint-read,95,1590,1884,95,190,5.637982195845697,94.3620178041543
270,fastapi-async,breakpoint-read,46,1795,1811,46,182,2.498642042368278,97.50135795763171
280,fastapi-async,breakpoint-read,34,1755,1310,34,132,1.9005030743432085,98.0994969256568
290,fastapi-async,breakpoint-read,91,1280,804,91,81,6.637490882567469,93.36250911743254
300,fastapi-async,breakpoint-read,35,704,83,35,61,4.7361299052774015,95.2638700947226
310,fastapi-async,breakpoint-read,56,13,0,56,0,81.15942028985508,18.84057971014493
0,fastapi-async,breakpoint-write,42,0,14,14,7,100.0,0.0
10,fastapi-async,breakpoint-write,79,0,27,26,9,100.0,0.0
20,fastapi-async,breakpoint-write,119,0,40,40,18,100.0,0.0
30,fastapi-async,breakpoint-write,174,0,57,58,23,100.0,0.0
40,fastapi-async,breakpoint-write,246,0,82,82,28,100.0,0.0
50,fastapi-async,breakpoint-write,327,0,109,109,35,100.0,0.0
60,fastapi-async,breakpoint-write,400,0,135,133,40,100.0,0.0
70,fastapi-async,breakpoint-write,468,0,156,155,48,100.0,0.0
80,fastapi-async,breakpoint-write,540,0,179,181,56,100.0,0.0
90,fastapi-async,breakpoint-write,639,0,217,212,65,100.0,0.0
100,fastapi-async,breakpoint-write,738,0,262,241,78,100.0,0.0
110,fastapi-async,breakpoint-write,901,0,314,293,93,100.0,0.0
120,fastapi-async,breakpoint-write,761,0,363,226,93,100.0,0.0
130,fastapi-async,breakpoint-write,436,28,412,101,76,78.29457364341084,21.705426356589147
140,fastapi-async,breakpoint-write,630,155,464,145,95,48.333333333333336,51.66666666666667
150,fastapi-async,breakpoint-write,472,357,516,129,87,26.543209876543212,73.4567901234568
160,fastapi-async,breakpoint-write,324,484,602,66,87,12.0,88.0
170,fastapi-async,breakpoint-write,266,538,683,41,93,7.081174438687392,92.91882556131262
180,fastapi-async,breakpoint-write,147,720,767,17,90,2.3066485753052914,97.69335142469471
190,fastapi-async,breakpoint-write,38,844,849,0,89,0.0,100.0
200,fastapi-async,breakpoint-write,42,851,935,0,99,0.0,100.0
210,fastapi-async,breakpoint-write,32,935,1033,1,105,0.10683760683760685,99.8931623931624
220,fastapi-async,breakpoint-write,27,1032,1190,0,122,0.0,100.0
230,fastapi-async,breakpoint-write,15,1188,1357,1,139,0.08410428931875526,99.91589571068124
240,fastapi-async,breakpoint-write,7,1349,1523,0,156,0.0,100.0
250,fastapi-async,breakpoint-write,0,1534,1691,0,171,0.0,100.0
260,fastapi-async,breakpoint-write,0,1683,1855,0,186,0.0,100.0
270,fastapi-async,breakpoint-write,0,1861,1872,0,189,0.0,100.0
280,fastapi-async,breakpoint-write,0,2045,1396,0,142,0.0,100.0
290,fastapi-async,breakpoint-write,0,1573,892,0,89,0.0,100.0
300,fastapi-async,breakpoint-write,0,568,198,0,60,0.0,100.0
310,fastapi-async,breakpoint-write,0,174,0,0,0,0.0,100.0
0,fastapi-async,read-heavy,338,0,338,338,50,100.0,0.0
10,fastapi-async,read-heavy,500,0,500,500,50,100.0,0.0
20,fastapi-async,read-heavy,500,0,500,500,50,100.0,0.0
30,fastapi-async,read-heavy,500,0,500,500,50,100.0,0.0
40,fastapi-async,read-heavy,500,0,500,500,50,100.0,0.0
50,fastapi-async,read-heavy,500,0,500,500,50,100.0,0.0
60,fastapi-async,read-heavy,500,0,500,500,50,100.0,0.0
70,fastapi-async,read-heavy,500,0,500,500,50,100.0,0.0
80,fastapi-async,read-heavy,500,0,500,500,50,100.0,0.0
90,fastapi-async,read-heavy,500,0,500,500,50,100.0,0.0
100,fastapi-async,read-heavy,500,0,500,500,50,100.0,0.0
110,fastapi-async,read-heavy,500,0,500,500,50,100.0,0.0
120,fastapi-async,read-heavy,500,0,500,500,50,100.0,0.0
130,fastapi-async,read-heavy,500,0,500,500,50,100.0,0.0
140,fastapi-async,read-heavy,500,0,500,500,50,100.0,0.0
150,fastapi-async,read-heavy,500,0,500,500,50,100.0,0.0
160,fastapi-async,read-heavy,500,0,500,500,50,100.0,0.0
170,fastapi-async,read-heavy,500,0,500,500,50,100.0,0.0
180,fastapi-async,read-heavy,162,0,162,162,50,100.0,0.0
0,fastapi-async,soak,194,24,98,27,26,52.94117647058824,47.05882352941176
10,fastapi-async,soak,222,47,100,60,30,56.074766355140184,43.925233644859816
20,fastapi-async,soak,175,67,100,41,29,37.96296296296296,62.03703703703704
30,fastapi-async,soak,177,64,100,35,29,35.35353535353536,64.64646464646465
40,fastapi-async,soak,177,64,100,35,28,35.35353535353536,64.64646464646465
50,fastapi-async,soak,190,56,100,34,30,37.77777777777778,62.22222222222222
60,fastapi-async,soak,196,54,100,51,29,48.57142857142857,51.42857142857142
70,fastapi-async,soak,196,55,100,44,29,44.44444444444444,55.55555555555556
80,fastapi-async,soak,184,61,100,41,30,40.19607843137255,59.80392156862745
90,fastapi-async,soak,186,59,100,41,28,41.0,59.0
100,fastapi-async,soak,182,60,100,39,29,39.39393939393939,60.60606060606061
110,fastapi-async,soak,224,39,100,59,30,60.204081632653065,39.795918367346935
120,fastapi-async,soak,199,58,100,42,29,42.0,57.99999999999999
130,fastapi-async,soak,168,76,100,35,28,31.53153153153153,68.46846846846847
140,fastapi-async,soak,194,49,100,28,30,36.36363636363637,63.63636363636363
150,fastapi-async,soak,245,33,100,74,30,69.1588785046729,30.8411214953271
160,fastapi-async,soak,204,50,100,53,29,51.45631067961165,48.54368932038835
170,fastapi-async,soak,183,61,100,38,29,38.38383838383838,61.61616161616161
180,fastapi-async,soak,211,44,100,55,28,55.55555555555556,44.44444444444444
190,fastapi-async,soak,193,58,100,47,30,44.761904761904766,55.23809523809524
200,fastapi-async,soak,197,55,100,44,29,44.44444444444444,55.55555555555556
210,fastapi-async,soak,197,54,100,43,30,44.329896907216494,55.670103092783506
220,fastapi-async,soak,195,59,100,44,30,42.71844660194174,57.28155339805825
230,fastapi-async,soak,208,48,100,48,29,50.0,50.0
240,fastapi-async,soak,195,57,100,48,30,45.714285714285715,54.285714285714285
250,fastapi-async,soak,175,65,100,38,29,36.89320388349515,63.10679611650486
260,fastapi-async,soak,192,56,100,42,29,42.857142857142854,57.14285714285714
270,fastapi-async,soak,218,41,100,49,30,54.44444444444444,45.55555555555556
280,fastapi-async,soak,204,49,100,55,29,52.88461538461539,47.11538461538461
290,fastapi-async,soak,205,53,100,55,30,50.92592592592593,49.074074074074076
300,fastapi-async,soak,186,61,100,34,30,35.78947368421053,64.21052631578948
310,fastapi-async,soak,190,56,100,41,30,42.2680412371134,57.73195876288659
320,fastapi-async,soak,173,70,100,42,29,37.5,62.5
330,fastapi-async,soak,184,61,100,40,29,39.603960396039604,60.396039603960396
340,fastapi-async,soak,174,61,100,32,28,34.40860215053764,65.59139784946237
350,fastapi-async,soak,177,62,100,39,27,38.613861386138616,61.386138613861384
360,fastapi-async,soak,49,6,2,34,18,85.0,15.0
0,fastapi-async,spike,35,0,20,10,10,100.0,0.0
10,fastapi-async,spike,100,0,50,50,10,100.0,0.0
20,fastapi-async,spike,100,0,50,50,10,100.0,0.0
30,fastapi-async,spike,344,0,494,85,125,100.0,0.0
40,fastapi-async,spike,678,107,1000,195,146,64.56953642384106,35.430463576158935
50,fastapi-async,spike,442,801,999,112,139,12.26725082146769,87.73274917853232
60,fastapi-async,spike,140,1174,1000,10,114,0.8445945945945946,99.1554054054054
70,fastapi-async,spike,206,984,999,24,121,2.380952380952381,97.61904761904762
80,fastapi-async,spike,203,986,1000,21,117,2.0854021847070507,97.91459781529295
90,fastapi-async,spike,192,954,558,23,93,2.3541453428863868,97.64585465711362
100,fastapi-async,spike,1024,31,50,593,104,95.03205128205127,4.967948717948718
110,fastapi-async,spike,100,0,50,50,10,100.0,0.0
120,fastapi-async,spike,65,0,30,40,10,100.0,0.0
0,fastapi-async,stress,53,0,32,11,22,100.0,0.0
10,fastapi-async,stress,200,0,100,100,20,100.0,0.0
20,fastapi-async,stress,200,0,100,100,20,100.0,0.0
30,fastapi-async,stress,200,0,100,100,20,100.0,0.0
40,fastapi-async,stress,201,0,100,101,20,100.0,0.0
50,fastapi-async,stress,199,0,100,99,20,100.0,0.0
60,fastapi-async,stress,268,0,139,119,31,100.0,0.0
70,fastapi-async,stress,400,0,200,200,40,100.0,0.0
80,fastapi-async,stress,400,0,200,200,40,100.0,0.0
90,fastapi-async,stress,400,0,200,200,40,100.0,0.0
100,fastapi-async,stress,400,0,200,200,40,100.0,0.0
110,fastapi-async,stress,400,0,200,200,40,100.0,0.0
120,fastapi-async,stress,429,0,275,178,49,100.0,0.0
130,fastapi-async,stress,676,0,400,302,81,100.0,0.0
140,fastapi-async,stress,724,2,400,315,78,99.36908517350159,0.6309148264984227
150,fastapi-async,stress,690,11,400,331,80,96.78362573099415,3.216374269005848
160,fastapi-async,stress,546,61,400,241,73,79.80132450331125,20.198675496688743
170,fastapi-async,stress,553,132,400,201,75,60.36036036036037,39.63963963963964
180,fastapi-async,stress,385,321,552,86,88,21.13022113022113,78.86977886977887
190,fastapi-async,stress,226,550,800,34,102,5.821917808219178,94.17808219178082
200,fastapi-async,stress,119,887,800,4,92,0.44893378226711567,99.55106621773288
210,fastapi-async,stress,158,785,800,2,97,0.25412960609911056,99.74587039390089
220,fastapi-async,stress,117,801,800,1,93,0.12468827930174563,99.87531172069825
230,fastapi-async,stress,129,798,800,5,96,0.62266500622665,99.37733499377335
240,fastapi-async,stress,87,798,502,6,73,0.7462686567164178,99.25373134328358
250,fastapi-async,stress,0,516,0,2,0,0.3861003861003861,99.61389961389962
0,fastapi-async,write-heavy,184,0,130,68,40,100.0,0.0
10,fastapi-async,write-heavy,410,0,200,197,40,100.0,0.0
20,fastapi-async,write-heavy,424,0,200,205,40,100.0,0.0
30,fastapi-async,write-heavy,370,0,200,200,40,100.0,0.0
40,fastapi-async,write-heavy,397,0,200,198,40,100.0,0.0
50,fastapi-async,write-heavy,402,0,200,193,40,100.0,0.0
60,fastapi-async,write-heavy,441,0,200,209,40,100.0,0.0
70,fastapi-async,write-heavy,330,0,200,188,40,100.0,0.0
80,fastapi-async,write-heavy,435,0,200,194,40,100.0,0.0
90,fastapi-async,write-heavy,436,0,200,214,40,100.0,0.0
100,fastapi-async,write-heavy,386,0,200,200,40,100.0,0.0
110,fastapi-async,write-heavy,394,0,200,207,40,100.0,0.0
120,fastapi-async,write-heavy,410,0,200,197,40,100.0,0.0
130,fastapi-async,write-heavy,414,0,200,208,40,100.0,0.0
140,fastapi-async,write-heavy,362,0,200,192,40,100.0,0.0
150,fastapi-async,write-heavy,431,0,200,199,40,100.0,0.0
160,fastapi-async,write-heavy,401,0,200,193,40,100.0,0.0
170,fastapi-async,write-heavy,393,0,200,209,40,100.0,0.0
180,fastapi-async,write-heavy,180,0,70,129,39,100.0,0.0
0,fastapi-sync,breakpoint-read,8,0,8,8,3,100.0,0.0
10,fastapi-sync,breakpoint-read,25,0,25,25,3,100.0,0.0
20,fastapi-sync,breakpoint-read,37,0,37,37,4,100.0,0.0
30,fastapi-sync,breakpoint-read,53,0,53,53,7,100.0,0.0
40,fastapi-sync,breakpoint-read,75,0,75,75,9,100.0,0.0
50,fastapi-sync,breakpoint-read,100,0,100,100,11,100.0,0.0
60,fastapi-sync,breakpoint-read,126,0,126,126,13,100.0,0.0
70,fastapi-sync,breakpoint-read,152,0,152,152,15,100.0,0.0
80,fastapi-sync,breakpoint-read,178,0,178,178,18,100.0,0.0
90,fastapi-sync,breakpoint-read,202,0,202,202,21,100.0,0.0
100,fastapi-sync,breakpoint-read,254,0,254,254,26,100.0,0.0
110,fastapi-sync,breakpoint-read,301,0,301,301,31,100.0,0.0
120,fastapi-sync,breakpoint-read,351,0,352,351,36,100.0,0.0
130,fastapi-sync,breakpoint-read,400,0,399,400,41,100.0,0.0
140,fastapi-sync,breakpoint-read,450,0,452,450,46,100.0,0.0
150,fastapi-sync,breakpoint-read,501,0,500,501,50,100.0,0.0
160,fastapi-sync,breakpoint-read,581,0,580,580,59,100.0,0.0
170,fastapi-sync,breakpoint-read,641,0,663,642,68,100.0,0.0
180,fastapi-sync,breakpoint-read,380,0,748,380,75,100.0,0.0
190,fastapi-sync,breakpoint-read,0,388,828,0,84,0.0,100.0
200,fastapi-sync,breakpoint-read,0,828,913,0,92,0.0,100.0
210,fastapi-sync,breakpoint-read,0,915,999,0,100,0.0,100.0
220,fastapi-sync,breakpoint-read,0,999,1149,0,117,0.0,100.0
230,fastapi-sync,breakpoint-read,0,1149,1322,0,133,0.0,100.0
240,fastapi-sync,breakpoint-read,0,1321,1483,0,148,0.0,100.0
250,fastapi-sync,breakpoint-read,0,1480,1646,0,166,0.0,100.0
260,fastapi-sync,breakpoint-read,0,1647,1818,0,181,0.0,100.0
270,fastapi-sync,breakpoint-read,0,1816,1920,0,195,0.0,100.0
280,fastapi-sync,breakpoint-read,0,1924,1527,0,154,0.0,100.0
290,fastapi-sync,breakpoint-read,0,1524,1020,0,102,0.0,100.0
300,fastapi-sync,breakpoint-read,0,1021,360,0,65,0.0,100.0
310,fastapi-sync,breakpoint-read,0,363,0,0,0,0.0,100.0
0,fastapi-sync,breakpoint-write,3,0,1,1,3,100.0,0.0
10,fastapi-sync,breakpoint-write,51,0,17,17,6,100.0,0.0
20,fastapi-sync,breakpoint-write,96,0,32,32,15,100.0,0.0
30,fastapi-sync,breakpoint-write,135,0,45,45,16,100.0,0.0
40,fastapi-sync,breakpoint-write,195,0,65,65,25,100.0,0.0
50,fastapi-sync,breakpoint-write,264,0,89,87,33,100.0,0.0
60,fastapi-sync,breakpoint-write,337,0,112,113,36,100.0,0.0
70,fastapi-sync,breakpoint-write,417,0,139,139,43,100.0,0.0
80,fastapi-sync,breakpoint-write,491,0,163,164,49,100.0,0.0
90,fastapi-sync,breakpoint-write,517,0,190,166,57,100.0,0.0
100,fastapi-sync,breakpoint-write,559,0,229,170,65,100.0,0.0
110,fastapi-sync,breakpoint-write,66,23,275,21,33,47.72727272727273,52.27272727272727
120,fastapi-sync,breakpoint-write,0,314,326,0,33,0.0,100.0
130,fastapi-sync,breakpoint-write,0,326,380,0,38,0.0,100.0
140,fastapi-sync,breakpoint-write,0,377,420,0,43,0.0,100.0
150,fastapi-sync,breakpoint-write,0,423,477,0,48,0.0,100.0
160,fastapi-sync,breakpoint-write,0,476,538,0,54,0.0,100.0
170,fastapi-sync,breakpoint-write,0,537,620,0,63,0.0,100.0
180,fastapi-sync,breakpoint-write,0,620,704,0,71,0.0,100.0
190,fastapi-sync,breakpoint-write,0,706,789,0,80,0.0,100.0
200,fastapi-sync,breakpoint-write,0,787,871,0,88,0.0,100.0
210,fastapi-sync,breakpoint-write,0,873,955,0,97,0.0,100.0
220,fastapi-sync,breakpoint-write,0,955,1069,0,107,0.0,100.0
230,fastapi-sync,breakpoint-write,0,1069,1232,0,125,0.0,100.0
240,fastapi-sync,breakpoint-write,0,1230,1396,0,141,0.0,100.0
250,fastapi-sync,breakpoint-write,0,1396,1568,0,158,0.0,100.0
260,fastapi-sync,breakpoint-write,0,1570,1734,0,175,0.0,100.0
270,fastapi-sync,breakpoint-write,0,1734,1895,0,191,0.0,100.0
280,fastapi-sync,breakpoint-write,0,1893,1775,0,178,0.0,100.0
290,fastapi-sync,breakpoint-write,0,2039,1272,0,129,0.0,100.0
300,fastapi-sync,breakpoint-write,0,1184,765,0,77,0.0,100.0
310,fastapi-sync,breakpoint-write,0,591,47,0,46,0.0,100.0
320,fastapi-sync,breakpoint-write,0,47,0,0,0,0.0,100.0
0,fastapi-sync,read-heavy,485,0,486,485,50,100.0,0.0
10,fastapi-sync,read-heavy,500,0,500,499,50,100.0,0.0
20,fastapi-sync,read-heavy,499,0,500,500,50,100.0,0.0
30,fastapi-sync,read-heavy,501,0,500,500,50,100.0,0.0
40,fastapi-sync,read-heavy,500,0,500,501,50,100.0,0.0
50,fastapi-sync,read-heavy,500,0,500,500,50,100.0,0.0
60,fastapi-sync,read-heavy,500,0,501,500,50,100.0,0.0
70,fastapi-sync,read-heavy,500,0,500,500,50,100.0,0.0
80,fastapi-sync,read-heavy,500,0,500,500,50,100.0,0.0
90,fastapi-sync,read-heavy,328,0,340,328,34,100.0,0.0
100,fastapi-sync,read-heavy,246,0,233,246,50,100.0,0.0
120,fastapi-sync,read-heavy,1,367,1267,1,161,0.2717391304347826,99.72826086956522
130,fastapi-sync,read-heavy,0,906,500,0,50,0.0,100.0
140,fastapi-sync,read-heavy,0,500,500,0,50,0.0,100.0
150,fastapi-sync,read-heavy,0,499,500,0,50,0.0,100.0
160,fastapi-sync,read-heavy,0,500,500,0,50,0.0,100.0
170,fastapi-sync,read-heavy,0,501,500,0,50,0.0,100.0
180,fastapi-sync,read-heavy,0,499,13,0,14,0.0,100.0
190,fastapi-sync,read-heavy,0,15,0,0,0,0.0,100.0
0,fastapi-sync,soak,145,4,70,10,20,71.42857142857143,28.57142857142857
10,fastapi-sync,soak,255,28,100,84,30,75.0,25.0
20,fastapi-sync,soak,238,32,100,64,30,66.66666666666666,33.33333333333333
30,fastapi-sync,soak,232,40,100,62,30,60.78431372549019,39.21568627450981
40,fastapi-sync,soak,241,33,100,63,30,65.625,34.375
50,fastapi-sync,soak,234,36,100,65,30,64.35643564356435,35.64356435643564
60,fastapi-sync,soak,230,41,100,62,30,60.19417475728155,39.80582524271845
70,fastapi-sync,soak,237,37,100,62,30,62.62626262626263,37.37373737373738
80,fastapi-sync,soak,224,41,100,62,30,60.19417475728155,39.80582524271845
90,fastapi-sync,soak,241,33,100,58,30,63.73626373626373,36.26373626373626
100,fastapi-sync,soak,254,28,100,74,30,72.54901960784314,27.450980392156865
110,fastapi-sync,soak,231,41,100,60,30,59.4059405940594,40.5940594059406
120,fastapi-sync,soak,242,36,100,68,30,65.38461538461539,34.61538461538461
130,fastapi-sync,soak,250,30,100,66,30,68.75,31.25
140,fastapi-sync,soak,237,35,100,66,30,65.34653465346535,34.65346534653465
150,fastapi-sync,soak,238,35,100,65,30,65.0,35.0
160,fastapi-sync,soak,249,28,100,73,30,72.27722772277228,27.722772277227726
170,fastapi-sync,soak,241,38,100,63,30,62.37623762376238,37.62376237623762
180,fastapi-sync,soak,235,39,100,61,30,61.0,39.0
190,fastapi-sync,soak,228,43,100,59,30,57.84313725490197,42.15686274509804
200,fastapi-sync,soak,256,27,100,70,30,72.16494845360825,27.835051546391753
210,fastapi-sync,soak,247,34,100,61,30,64.21052631578948,35.78947368421053
220,fastapi-sync,soak,241,36,100,67,30,65.0485436893204,34.95145631067961
230,fastapi-sync,soak,242,34,100,66,30,66.0,34.0
240,fastapi-sync,soak,250,34,100,68,30,66.66666666666666,33.33333333333333
250,fastapi-sync,soak,227,42,100,61,30,59.22330097087378,40.77669902912621
260,fastapi-sync,soak,239,37,100,59,30,61.458333333333336,38.54166666666667
270,fastapi-sync,soak,241,34,100,65,30,65.65656565656566,34.34343434343434
280,fastapi-sync,soak,248,33,100,70,30,67.96116504854369,32.038834951456316
290,fastapi-sync,soak,222,54,100,63,30,53.84615384615385,46.15384615384615
300,fastapi-sync,soak,244,26,100,55,30,67.90123456790124,32.098765432098766
310,fastapi-sync,soak,252,27,100,72,30,72.72727272727273,27.27272727272727
320,fastapi-sync,soak,254,28,100,71,30,71.71717171717171,28.28282828282828
330,fastapi-sync,soak,248,32,100,69,30,68.31683168316832,31.683168316831683
340,fastapi-sync,soak,243,36,100,67,30,65.0485436893204,34.95145631067961
350,fastapi-sync,soak,220,45,100,56,30,55.44554455445545,44.554455445544555
360,fastapi-sync,soak,112,20,30,56,20,73.68421052631578,26.31578947368421
0,fastapi-sync,spike,75,0,40,30,10,100.0,0.0
10,fastapi-sync,spike,100,0,50,50,10,100.0,0.0
20,fastapi-sync,spike,100,0,50,50,10,100.0,0.0
30,fastapi-sync,spike,109,0,848,23,109,100.0,0.0
40,fastapi-sync,spike,0,834,1000,0,100,0.0,100.0
50,fastapi-sync,spike,0,1000,1000,0,100,0.0,100.0
60,fastapi-sync,spike,0,1000,1000,0,100,0.0,100.0
70,fastapi-sync,spike,0,1000,1000,0,100,0.0,100.0
80,fastapi-sync,spike,0,1000,1000,0,100,0.0,100.0
90,fastapi-sync,spike,0,1000,202,0,70,0.0,100.0
100,fastapi-sync,spike,0,203,50,0,5,0.0,100.0
110,fastapi-sync,spike,0,50,50,0,5,0.0,100.0
120,fastapi-sync,spike,0,50,10,0,10,0.0,100.0
130,fastapi-sync,spike,0,10,0,0,0,0.0,100.0
0,fastapi-sync,stress,170,0,90,70,20,100.0,0.0
10,fastapi-sync,stress,200,0,100,100,20,100.0,0.0
20,fastapi-sync,stress,200,0,100,100,20,100.0,0.0
30,fastapi-sync,stress,200,0,100,100,20,100.0,0.0
40,fastapi-sync,stress,200,0,100,100,20,100.0,0.0
50,fastapi-sync,stress,200,0,100,100,20,100.0,0.0
60,fastapi-sync,stress,376,0,195,167,40,100.0,0.0
70,fastapi-sync,stress,403,0,200,207,40,100.0,0.0
80,fastapi-sync,stress,400,0,200,200,40,100.0,0.0
90,fastapi-sync,stress,400,0,200,200,40,100.0,0.0
100,fastapi-sync,stress,400,0,200,199,40,100.0,0.0
110,fastapi-sync,stress,400,0,200,201,40,100.0,0.0
120,fastapi-sync,stress,204,0,388,102,57,100.0,0.0
130,fastapi-sync,stress,0,327,400,0,40,0.0,100.0
140,fastapi-sync,stress,0,400,400,0,40,0.0,100.0
150,fastapi-sync,stress,0,400,400,0,40,0.0,100.0
160,fastapi-sync,stress,0,400,400,0,40,0.0,100.0
170,fastapi-sync,stress,0,400,400,0,40,0.0,100.0
180,fastapi-sync,stress,0,399,779,0,80,0.0,100.0
190,fastapi-sync,stress,0,780,800,0,80,0.0,100.0
200,fastapi-sync,stress,0,800,800,0,80,0.0,100.0
210,fastapi-sync,stress,0,800,800,0,80,0.0,100.0
220,fastapi-sync,stress,0,800,800,0,80,0.0,100.0
230,fastapi-sync,stress,0,800,800,0,80,0.0,100.0
240,fastapi-sync,stress,0,797,48,0,48,0.0,100.0
250,fastapi-sync,stress,0,51,0,0,0,0.0,100.0
0,fastapi-sync,write-heavy,229,0,126,79,40,100.0,0.0
10,fastapi-sync,write-heavy,361,0,200,174,40,100.0,0.0
20,fastapi-sync,write-heavy,442,0,200,232,40,100.0,0.0
30,fastapi-sync,write-heavy,400,0,200,200,40,100.0,0.0
40,fastapi-sync,write-heavy,400,0,200,201,40,100.0,0.0
50,fastapi-sync,write-heavy,400,0,200,200,40,100.0,0.0
60,fastapi-sync,write-heavy,400,0,200,200,40,100.0,0.0
70,fastapi-sync,write-heavy,400,0,200,200,40,100.0,0.0
80,fastapi-sync,write-heavy,400,0,200,199,40,100.0,0.0
90,fastapi-sync,write-heavy,399,0,200,200,40,100.0,0.0
100,fastapi-sync,write-heavy,401,0,200,200,40,100.0,0.0
110,fastapi-sync,write-heavy,398,0,200,199,40,100.0,0.0
120,fastapi-sync,write-heavy,402,0,200,202,40,100.0,0.0
130,fastapi-sync,write-heavy,400,0,200,200,40,100.0,0.0
140,fastapi-sync,write-heavy,400,0,200,200,40,100.0,0.0
150,fastapi-sync,write-heavy,400,0,200,200,40,100.0,0.0
160,fastapi-sync,write-heavy,400,0,200,199,40,100.0,0.0
170,fastapi-sync,write-heavy,399,0,200,200,40,100.0,0.0
180,fastapi-sync,write-heavy,169,0,74,115,40,100.0,0.0
